City_ID,City,Country,Date,Lat,Lng,Max Temp,Humidity,Cloudiness,Wind Speed,Current Description,Rain Inches,Snow Inches
0,Sfantu Gheorghe,RO,2020-05-12 03:54:28,45.87,25.78,55.81,85,87,5.39,overcast clouds,0.0,0.0
1,Conde,BR,2020-05-12 03:54:29,-7.26,-34.91,75.2,100,20,5.82,few clouds,0.0,0.0
2,Butaritari,KI,2020-05-12 03:50:08,3.07,172.79,84.06,76,57,11.97,broken clouds,0.0,0.0
3,Atuona,PF,2020-05-12 03:54:29,-9.8,-139.03,80.19,74,53,17.9,broken clouds,0.0,0.0
4,Harper,LR,2020-05-12 03:51:25,4.38,-7.72,78.37,88,100,9.26,light rain,0.15,0.0
5,Lazi,UA,2020-05-12 03:54:29,48.07,24.23,53.38,84,52,8.39,light rain,0.15,0.0
6,Coihaique,CL,2020-05-12 03:54:29,-45.58,-72.07,46.4,81,75,6.93,light rain,0.0,0.0
7,Dunedin,NZ,2020-05-12 03:53:40,-45.87,170.5,57.99,66,100,1.95,overcast clouds,0.0,0.0
8,Tuatapere,NZ,2020-05-12 03:54:29,-46.13,167.68,53.78,69,6,3.24,clear sky,0.0,0.0
9,Sakakah,SA,2020-05-12 03:54:30,29.97,40.21,69.8,14,0,5.82,clear sky,0.0,0.0
10,Busselton,AU,2020-05-12 03:54:30,-33.65,115.33,61.0,70,100,1.99,overcast clouds,0.0,0.0
11,Codo,BR,2020-05-12 03:54:30,-4.46,-43.89,73.9,93,0,2.15,clear sky,0.0,0.0
12,Frankfort,ZA,2020-05-12 03:54:30,-27.27,28.48,46.24,54,0,4.09,clear sky,0.0,0.0
13,Mollendo,PE,2020-05-12 03:54:30,-17.02,-72.01,63.91,78,43,4.72,scattered clouds,0.0,0.0
14,Ereymentau,KZ,2020-05-12 03:54:30,51.62,73.1,75.61,25,0,2.86,clear sky,0.0,0.0
15,Mataura,NZ,2020-05-12 03:50:08,-46.19,168.86,52.38,71,100,1.59,overcast clouds,0.0,0.0
16,Valladolid,ES,2020-05-12 03:54:30,41.58,-4.67,52.0,93,75,2.24,broken clouds,0.0,0.0
17,Rikitea,PF,2020-05-12 03:54:31,-23.12,-134.97,74.25,67,0,5.39,clear sky,0.0,0.0
18,Lebu,CL,2020-05-12 03:54:31,-37.62,-73.65,51.39,85,71,11.12,broken clouds,0.0,0.0
19,Barrow,US,2020-05-12 03:50:02,71.29,-156.79,28.4,86,90,23.04,overcast clouds,0.0,0.0
20,Pacifica,US,2020-05-12 03:54:31,37.61,-122.49,59.0,100,90,14.99,mist,0.25,0.0
21,Arraial Do Cabo,BR,2020-05-12 03:50:11,-22.97,-42.03,71.67,80,0,21.3,clear sky,0.0,0.0
22,Norman Wells,CA,2020-05-12 03:54:31,65.28,-126.83,55.4,88,20,12.75,few clouds,0.0,0.0
23,Castro,BR,2020-05-12 03:54:31,-24.79,-50.01,56.71,92,4,5.01,clear sky,0.0,0.0
24,Clausthal-Zellerfeld,DE,2020-05-12 03:54:32,51.8,10.33,30.99,88,2,2.82,clear sky,0.0,0.0
25,Saint-Philippe,RE,2020-05-12 03:54:33,-21.36,55.77,69.8,60,75,5.82,broken clouds,0.0,0.0
26,Richards Bay,ZA,2020-05-12 03:49:58,-28.78,32.04,63.99,58,0,7.31,clear sky,0.0,0.0
27,Airai,TL,2020-05-12 03:54:33,-8.93,125.41,67.86,94,96,3.96,light rain,0.5,0.0
28,Bam,IR,2020-05-12 03:54:34,29.11,58.36,89.08,11,100,7.2,overcast clouds,0.0,0.0
29,Port Alfred,ZA,2020-05-12 03:54:34,-33.59,26.89,64.0,86,62,8.48,broken clouds,0.0,0.0
30,Punta Arenas,CL,2020-05-12 03:54:35,-53.15,-70.92,33.8,86,0,10.29,clear sky,0.0,0.0
31,Portland,US,2020-05-12 03:53:13,45.52,-122.68,55.4,82,1,3.36,light rain,0.25,0.0
32,Santo Antonio Do Ica,BR,2020-05-12 03:54:35,-3.1,-67.94,74.37,97,97,2.15,light rain,0.53,0.0
33,Ushuaia,AR,2020-05-12 03:50:56,-54.8,-68.3,39.2,86,75,24.16,broken clouds,0.0,0.0
34,Qaanaaq,GL,2020-05-12 03:54:35,77.48,-69.36,10.26,72,0,3.36,clear sky,0.0,0.0
35,Chokurdakh,RU,2020-05-12 03:54:35,70.63,147.92,31.91,99,75,9.31,broken clouds,0.0,0.0
36,Marawi,PH,2020-05-12 03:54:35,8.0,124.29,86.0,79,99,5.99,light rain,0.44,0.0
37,Mar Del Plata,AR,2020-05-12 03:54:35,-38.0,-57.56,51.01,93,37,8.05,scattered clouds,0.0,0.0
38,Dingle,PH,2020-05-12 03:50:17,11.0,122.67,92.12,55,77,6.4,light rain,0.69,0.0
39,Turayf,SA,2020-05-12 03:54:36,31.67,38.66,59.0,41,0,9.17,clear sky,0.0,0.0
40,Bredasdorp,ZA,2020-05-12 03:54:36,-34.53,20.04,59.0,87,100,2.24,overcast clouds,0.0,0.0
41,Codajas,BR,2020-05-12 03:54:36,-3.84,-62.06,75.18,89,1,1.77,clear sky,0.0,0.0
42,Nijar,ES,2020-05-12 03:54:36,36.97,-2.21,64.4,77,100,10.29,overcast clouds,0.0,0.0
43,Ribeira Grande,PT,2020-05-12 03:49:58,38.52,-28.7,59.38,77,100,23.02,overcast clouds,0.0,0.0
44,Kaitangata,NZ,2020-05-12 03:54:36,-46.28,169.85,55.0,62,100,1.99,overcast clouds,0.0,0.0
45,Provideniya,RU,2020-05-12 03:54:36,64.38,-173.3,41.0,80,46,4.47,scattered clouds,0.0,0.0
46,Brae,GB,2020-05-12 03:54:36,60.4,-1.35,37.4,81,96,12.75,light rain,0.0,0.0
47,Bluff,NZ,2020-05-12 03:54:37,-46.6,168.33,52.36,72,10,12.8,clear sky,0.0,0.0
48,Namibe,AO,2020-05-12 03:54:37,-15.2,12.15,78.15,42,8,7.61,clear sky,0.0,0.0
49,Hermanus,ZA,2020-05-12 03:54:37,-34.42,19.23,57.0,92,98,8.1,overcast clouds,0.0,0.0
50,Rundu,NA,2020-05-12 03:54:37,-17.93,19.77,60.8,38,77,4.09,broken clouds,0.0,0.0
51,Margate,GB,2020-05-12 03:54:37,51.38,1.39,44.01,66,61,1.01,broken clouds,0.0,0.0
52,Cabo San Lucas,MX,2020-05-12 03:54:37,22.89,-109.91,80.6,21,20,14.47,few clouds,0.0,0.0
53,Petropavlovsk-Kamchatskiy,RU,2020-05-12 03:54:38,53.05,158.65,50.0,37,50,13.42,scattered clouds,0.0,0.0
54,Port Hedland,AU,2020-05-12 03:54:38,-20.32,118.57,87.8,29,0,12.75,clear sky,0.0,0.0
55,Chifeng,CN,2020-05-12 03:54:38,42.27,118.96,63.63,25,10,20.87,clear sky,0.0,0.0
56,Quelimane,MZ,2020-05-12 03:51:52,-17.88,36.89,62.6,93,20,3.36,few clouds,0.0,0.0
57,San Carlos De Bariloche,AR,2020-05-12 03:54:39,-41.15,-71.31,42.8,60,75,13.87,broken clouds,0.0,0.0
58,Port Elizabeth,ZA,2020-05-12 03:54:39,-33.92,25.57,62.6,77,75,4.7,broken clouds,0.0,0.0
59,Khatanga,RU,2020-05-12 03:50:01,71.97,102.5,26.13,98,57,8.12,broken clouds,0.0,0.0
60,Tagusao,PH,2020-05-12 03:54:39,9.19,117.81,87.55,65,57,5.44,broken clouds,0.0,0.0
61,Anadyr,RU,2020-05-12 03:54:40,64.75,177.48,37.4,86,90,4.47,overcast clouds,0.0,0.0
62,Mount Isa,AU,2020-05-12 03:50:21,-20.73,139.5,82.4,20,0,6.93,clear sky,0.0,0.0
63,Giovinazzo,IT,2020-05-12 03:54:41,41.19,16.67,64.0,67,0,10.29,clear sky,0.0,0.0
64,Bathsheba,BB,2020-05-12 03:50:52,13.22,-59.52,80.6,74,40,23.04,scattered clouds,0.0,0.0
65,Vaini,TO,2020-05-12 03:54:42,-21.2,-175.2,80.6,69,20,6.93,few clouds,0.0,0.0
66,Severo-Kurilsk,RU,2020-05-12 03:54:42,50.68,156.12,37.33,80,44,13.58,scattered clouds,0.0,0.0
67,Laguna,US,2020-05-12 03:54:42,38.42,-121.42,62.01,87,90,13.87,moderate rain,1.27,0.0
68,Puerto Ayora,EC,2020-05-12 03:54:42,-0.74,-90.35,75.99,95,87,3.0,overcast clouds,0.0,0.0
69,Albany,US,2020-05-12 03:54:42,42.6,-73.97,41.0,66,73,3.0,broken clouds,0.0,0.0
70,Vilyuysk,RU,2020-05-12 03:54:42,63.76,121.62,35.17,78,100,7.74,overcast clouds,0.0,0.0
71,Hobart,AU,2020-05-12 03:53:02,-42.88,147.33,62.6,51,75,13.87,shower rain,0.0,0.0
72,Sao Filipe,CV,2020-05-12 03:54:43,14.9,-24.5,71.8,81,6,10.02,clear sky,0.0,0.0
73,Ortakoy,TR,2020-05-12 03:54:43,38.74,34.04,58.6,54,0,5.88,clear sky,0.0,0.0
74,Virginia Beach,US,2020-05-12 03:54:43,36.85,-75.98,55.99,47,90,14.99,overcast clouds,0.0,0.0
75,Sal Rei,CV,2020-05-12 03:54:43,16.18,-22.92,71.6,78,75,16.11,broken clouds,0.0,0.0
76,Sokolo,ML,2020-05-12 03:54:43,14.73,-6.12,85.82,48,81,11.59,broken clouds,0.0,0.0
77,Golspie,GB,2020-05-12 03:54:44,57.97,-3.98,42.01,78,58,1.99,broken clouds,0.0,0.0
78,Kapaa,US,2020-05-12 03:54:44,22.08,-159.32,77.0,73,90,14.99,overcast clouds,0.0,0.0
79,Lompoc,US,2020-05-12 03:52:53,34.64,-120.46,55.4,87,1,4.7,clear sky,0.0,0.0
80,Troitskoye,RU,2020-05-12 03:54:44,52.98,84.68,74.97,34,60,5.86,broken clouds,0.0,0.0
81,Faanui,PF,2020-05-12 03:50:26,-16.48,-151.75,80.94,80,0,14.05,clear sky,0.0,0.0
82,Cururupu,BR,2020-05-12 03:52:18,-1.83,-44.87,75.58,93,79,2.01,broken clouds,0.0,0.0
83,Carnarvon,AU,2020-05-12 03:54:44,-24.87,113.63,80.19,39,0,5.32,clear sky,0.0,0.0
84,Sarkand,KZ,2020-05-12 03:54:45,45.41,79.92,64.87,54,83,2.04,broken clouds,0.0,0.0
85,Naushki,RU,2020-05-12 03:54:45,50.38,106.11,70.39,26,23,6.02,few clouds,0.0,0.0
86,Kabo,CF,2020-05-12 03:54:45,7.7,18.63,74.64,81,96,2.77,overcast clouds,0.0,0.0
87,Polis,CY,2020-05-12 03:53:59,35.04,32.43,59.0,67,0,4.7,clear sky,0.0,0.0
88,Berlevag,NO,2020-05-12 03:54:45,70.86,29.09,32.0,96,75,33.33,broken clouds,0.0,0.0
89,Ponta Do Sol,PT,2020-05-12 03:54:45,32.67,-17.1,64.4,63,20,4.7,few clouds,0.0,0.0
90,Cape Town,ZA,2020-05-12 03:53:30,-33.93,18.42,62.01,87,100,9.17,overcast clouds,0.0,0.0
91,Broken Hill,AU,2020-05-12 03:54:46,-31.95,141.43,64.4,31,35,10.29,scattered clouds,0.0,0.0
92,Sorong,ID,2020-05-12 03:53:20,-0.88,131.25,85.8,71,0,5.46,light rain,0.13,0.0
93,Chuy,UY,2020-05-12 03:54:46,-33.7,-53.46,53.31,81,0,5.79,clear sky,0.0,0.0
94,Limenaria,GR,2020-05-12 03:54:46,40.63,24.58,61.0,80,3,5.23,clear sky,0.0,0.0
95,Kapit,MY,2020-05-12 03:54:46,2.02,112.93,75.54,95,100,1.5,light rain,0.3,0.0
96,Kelme,LT,2020-05-12 03:54:46,55.63,22.93,32.0,89,75,6.93,broken clouds,0.0,0.0
97,Umba,RU,2020-05-12 03:54:46,66.69,34.34,33.96,89,99,17.34,overcast clouds,0.0,0.0
98,Sangar,RU,2020-05-12 03:54:47,63.92,127.47,37.78,78,90,8.7,overcast clouds,0.0,0.0
99,Sindor,RU,2020-05-12 03:54:47,62.86,51.89,53.06,83,0,7.85,clear sky,0.0,0.0
100,Corcoran,US,2020-05-12 03:54:47,36.1,-119.56,75.2,17,1,10.29,clear sky,0.0,0.0
101,Beatrice,US,2020-05-12 03:54:47,40.27,-96.75,44.6,56,90,3.36,overcast clouds,0.0,0.0
102,Rocha,UY,2020-05-12 03:50:24,-34.48,-54.33,48.92,89,1,2.51,clear sky,0.0,0.0
103,Salalah,OM,2020-05-12 03:54:47,17.02,54.09,84.2,83,20,1.12,few clouds,0.0,0.0
104,Ejido,VE,2020-05-12 03:54:47,8.55,-71.24,68.49,67,30,1.41,scattered clouds,0.0,0.0
105,Mount Gambier,AU,2020-05-12 03:50:08,-37.83,140.77,60.8,67,40,19.46,scattered clouds,0.0,0.0
106,Avarua,CK,2020-05-12 03:54:50,-21.21,-159.78,82.4,88,1,3.36,light rain,0.14,0.0
107,Saskylakh,RU,2020-05-12 03:54:50,71.92,114.08,25.7,96,100,16.73,overcast clouds,0.0,0.0
108,Kavieng,PG,2020-05-12 03:50:09,-2.57,150.8,85.84,70,85,1.16,light rain,0.2,0.0
109,Lagoa,PT,2020-05-12 03:50:22,39.05,-27.98,58.39,79,100,27.0,overcast clouds,0.0,0.0
110,Georgetown,MY,2020-05-12 03:54:50,5.41,100.34,87.8,74,20,4.7,few clouds,0.0,0.0
111,Yellowknife,CA,2020-05-12 03:54:51,62.46,-114.35,46.4,42,75,11.41,broken clouds,0.0,0.0
112,Coquimbo,CL,2020-05-12 03:54:51,-29.95,-71.34,53.6,93,32,3.36,scattered clouds,0.0,0.0
113,Constitucion,CL,2020-05-12 03:54:51,-35.33,-72.42,52.99,62,64,9.04,broken clouds,0.0,0.0
114,Dikson,RU,2020-05-12 03:54:51,73.51,80.55,31.59,98,51,6.26,broken clouds,0.0,0.0
115,Luderitz,NA,2020-05-12 03:51:16,-26.65,15.16,59.0,77,8,2.24,clear sky,0.0,0.0
116,Svetlyy,RU,2020-05-12 03:54:51,54.67,20.13,35.6,93,75,8.95,light intensity shower rain,0.0,0.0
117,Somotillo,NI,2020-05-12 03:54:51,13.04,-86.91,81.84,79,100,2.46,moderate rain,3.06,0.0
118,Paita,PE,2020-05-12 03:54:51,-5.09,-81.11,71.29,80,24,9.84,few clouds,0.0,0.0
119,Kalininsk,RU,2020-05-12 03:54:51,51.5,44.48,53.71,75,0,3.76,clear sky,0.0,0.0
120,Pisco,PE,2020-05-12 03:54:52,-13.7,-76.22,66.2,82,20,12.75,few clouds,0.0,0.0
121,Egvekinot,RU,2020-05-12 03:50:29,66.32,-179.17,33.4,100,99,3.36,overcast clouds,0.0,0.0
122,Sokoni,TZ,2020-05-12 03:54:52,-6.43,39.55,77.0,83,75,6.93,broken clouds,0.0,0.0
123,Tigre,AR,2020-05-12 03:53:39,-34.43,-58.58,55.4,87,20,4.43,few clouds,0.0,0.0
124,Marzuq,YE,2020-05-12 03:54:52,14.4,46.47,83.25,23,3,1.72,clear sky,0.0,0.0
125,Anjiang,CN,2020-05-12 03:54:52,27.32,110.1,83.5,42,20,1.59,few clouds,0.0,0.0
126,Mahebourg,MU,2020-05-12 03:54:52,-20.41,57.7,73.4,56,75,9.17,broken clouds,0.0,0.0
127,Elati,GR,2020-05-12 03:54:52,39.98,21.82,57.2,41,0,4.7,clear sky,0.0,0.0
128,Talnakh,RU,2020-05-12 03:54:53,69.49,88.4,32.0,97,75,20.13,broken clouds,0.0,0.0
129,Shestakovo,RU,2020-05-12 03:54:53,56.49,103.96,62.73,47,100,9.51,overcast clouds,0.0,0.0
130,Reriutaba,BR,2020-05-12 03:54:53,-4.14,-40.58,72.23,92,0,1.43,clear sky,0.0,0.0
131,Jamestown,US,2020-05-12 03:52:19,42.1,-79.24,37.0,93,90,11.41,overcast clouds,0.0,0.0
132,Hithadhoo,MV,2020-05-12 03:54:53,-0.6,73.08,83.37,77,100,21.68,overcast clouds,0.0,0.0
133,Lata,PT,2020-05-12 03:54:53,40.16,-8.33,55.99,91,67,2.44,broken clouds,0.0,0.0
134,Missoula,US,2020-05-12 03:50:15,47.02,-113.8,50.0,43,75,14.99,broken clouds,0.0,0.0
135,Guerrero Negro,MX,2020-05-12 03:54:54,27.98,-114.06,62.73,82,0,14.27,clear sky,0.0,0.0
136,Padang,ID,2020-05-12 03:54:54,-0.95,100.35,87.51,59,97,4.25,overcast clouds,0.0,0.0
137,Soyo,AO,2020-05-12 03:54:54,-6.13,12.37,79.59,88,88,4.63,overcast clouds,0.0,0.0
138,Ahipara,NZ,2020-05-12 03:54:54,-35.17,173.17,63.46,68,80,11.25,broken clouds,0.0,0.0
139,Chulym,RU,2020-05-12 03:54:55,55.1,80.96,73.15,54,0,5.84,clear sky,0.0,0.0
140,Ca Mau,VN,2020-05-12 03:51:56,9.18,105.15,97.93,37,73,8.46,broken clouds,0.0,0.0
141,Marrakesh,MA,2020-05-12 03:54:55,31.63,-8.01,57.2,87,40,8.05,scattered clouds,0.0,0.0
142,Souillac,MU,2020-05-12 03:54:55,-20.52,57.52,73.4,56,75,9.17,broken clouds,0.0,0.0
143,Pokhara,NP,2020-05-12 03:54:55,28.23,83.98,80.19,35,75,3.44,broken clouds,0.0,0.0
144,New Norfolk,AU,2020-05-12 03:54:55,-42.78,147.06,60.01,78,78,5.01,moderate rain,2.0,0.0
145,Lewistown,US,2020-05-12 03:52:30,40.6,-77.57,41.0,86,75,10.29,broken clouds,0.0,0.0
146,San Policarpo,PH,2020-05-12 03:54:55,12.18,125.51,86.13,71,26,8.57,scattered clouds,0.0,0.0
147,Khandyga,RU,2020-05-12 03:54:55,62.67,135.6,48.04,56,100,3.8,overcast clouds,0.0,0.0
148,Saldanha,ZA,2020-05-12 03:51:11,-33.01,17.94,57.2,87,100,6.93,overcast clouds,0.0,0.0
149,Grand-Santi,GF,2020-05-12 03:54:56,4.25,-54.38,73.54,97,100,3.87,overcast clouds,0.0,0.0
150,Ayagoz,KZ,2020-05-12 03:54:56,47.97,80.44,72.68,30,21,3.33,few clouds,0.0,0.0
151,Bengkulu,ID,2020-05-12 03:54:56,-3.8,102.27,88.3,59,22,5.28,few clouds,0.0,0.0
152,Katobu,ID,2020-05-12 03:54:56,-4.94,122.53,89.4,58,6,6.06,clear sky,0.0,0.0
153,Kajaani,FI,2020-05-12 03:54:56,64.23,27.73,28.4,92,18,4.7,few clouds,0.0,0.0
154,Yar-Sale,RU,2020-05-12 03:54:56,66.83,70.83,33.39,94,100,19.08,moderate rain,1.02,0.0
155,Praya,CV,2020-05-12 03:54:57,14.92,-23.51,71.6,78,20,16.11,few clouds,0.0,0.0
156,Lahan,NP,2020-05-12 03:54:57,26.73,86.5,94.68,23,46,5.5,scattered clouds,0.0,0.0
157,Sompeta,IN,2020-05-12 03:54:57,18.93,84.6,93.15,46,36,8.52,scattered clouds,0.0,0.0
158,Starobaltachevo,RU,2020-05-12 03:54:57,56.0,55.92,53.38,93,100,8.16,light rain,0.17,0.0
159,Waterlooville,GB,2020-05-12 03:52:55,50.88,-1.03,41.0,78,0,7.54,clear sky,0.0,0.0
160,Fortuna,US,2020-05-12 03:54:57,40.6,-124.16,60.01,76,90,12.75,overcast clouds,0.0,0.0
161,Gamba,GA,2020-05-12 03:54:57,-2.65,10.0,76.3,91,18,0.58,light rain,0.14,0.0
162,San Andres,CO,2020-05-12 03:54:57,12.58,-81.7,82.4,83,75,8.05,broken clouds,0.0,0.0
163,Clarksburg,US,2020-05-12 03:54:58,39.28,-80.34,42.8,70,90,5.82,overcast clouds,0.0,0.0
164,Port Augusta,AU,2020-05-12 03:54:58,-32.5,137.77,68.0,28,85,17.22,overcast clouds,0.0,0.0
165,Aranos,NA,2020-05-12 03:54:58,-24.13,19.12,57.31,48,0,6.89,clear sky,0.0,0.0
166,Tornio,FI,2020-05-12 03:54:58,65.85,24.15,32.0,93,38,5.82,scattered clouds,0.0,0.0
167,Tasiilaq,GL,2020-05-12 03:55:00,65.61,-37.64,30.2,74,64,4.36,broken clouds,0.0,0.0
168,Bethel,US,2020-05-12 03:55:00,41.37,-73.41,45.0,85,75,9.17,broken clouds,0.0,0.0
169,Itaqui,BR,2020-05-12 03:55:00,-29.13,-56.55,68.41,97,88,3.76,moderate rain,1.16,0.0
170,Collierville,US,2020-05-12 03:55:00,35.04,-89.66,59.0,66,90,5.82,overcast clouds,0.0,0.0
171,Omsukchan,RU,2020-05-12 03:55:00,62.53,155.8,34.29,89,74,7.34,broken clouds,0.0,0.0
172,Tripoli,LY,2020-05-12 03:55:00,32.88,13.19,65.7,76,2,4.63,clear sky,0.0,0.0
173,Qui Nhon,VN,2020-05-12 03:55:00,13.77,109.23,86.61,61,100,11.18,overcast clouds,0.0,0.0
174,Makakilo City,US,2020-05-12 03:54:11,21.35,-158.09,84.2,48,40,9.17,scattered clouds,0.0,0.0
175,Iskateley,RU,2020-05-12 03:55:01,67.68,53.15,42.84,99,84,16.28,broken clouds,0.0,0.0
176,Port-Gentil,GA,2020-05-12 03:55:01,-0.72,8.78,81.19,73,15,5.06,few clouds,0.0,0.0
177,Saint-Joseph,RE,2020-05-12 03:55:01,-21.37,55.62,69.8,60,75,5.82,broken clouds,0.0,0.0
178,Riohacha,CO,2020-05-12 03:55:01,11.54,-72.91,79.18,82,53,8.03,broken clouds,0.0,0.0
179,East London,ZA,2020-05-12 03:55:01,-33.02,27.91,62.6,88,20,3.36,few clouds,0.0,0.0
180,Saint George,US,2020-05-12 03:55:01,37.1,-113.58,80.6,7,1,10.29,clear sky,0.0,0.0
181,Pavlodar,KZ,2020-05-12 03:53:32,52.3,76.95,82.4,34,0,4.47,clear sky,0.0,0.0
182,Torbay,CA,2020-05-12 03:54:37,47.67,-52.73,35.6,94,5,9.17,clear sky,0.0,0.0
183,Skibbereen,IE,2020-05-12 03:55:02,51.55,-9.27,37.4,64,20,5.82,few clouds,0.0,0.0
184,Sao Joao Da Barra,BR,2020-05-12 03:55:02,-21.64,-41.05,68.7,86,0,7.58,clear sky,0.0,0.0
185,Kemijarvi,FI,2020-05-12 03:55:02,66.71,27.43,28.42,95,0,8.21,clear sky,0.0,0.0
186,Sidhauli,IN,2020-05-12 03:55:02,27.28,80.83,82.4,69,75,3.36,mist,0.0,0.0
187,Penzance,GB,2020-05-12 03:55:02,50.12,-5.54,46.0,74,19,11.41,few clouds,0.0,0.0
188,Lima,PE,2020-05-12 03:55:02,-12.04,-77.03,69.8,68,59,11.41,broken clouds,0.0,0.0
189,Chapais,CA,2020-05-12 03:55:02,49.78,-74.85,17.6,61,1,4.7,clear sky,0.0,0.0
190,Along,IN,2020-05-12 03:55:02,28.17,94.77,82.92,49,52,2.91,light rain,0.12,0.0
191,Koumac,NC,2020-05-12 03:55:03,-20.57,164.28,75.0,67,2,16.46,clear sky,0.0,0.0
192,Vangazi,LV,2020-05-12 03:55:03,57.09,24.55,39.2,60,40,13.87,scattered clouds,0.0,0.0
193,Hilo,US,2020-05-12 03:54:47,19.73,-155.09,77.0,65,90,8.05,overcast clouds,0.0,0.0
194,Isangel,VU,2020-05-12 03:51:00,-19.55,169.27,80.6,61,20,4.7,few clouds,0.0,0.0
195,Bernay,FR,2020-05-12 03:55:03,49.17,0.67,39.0,86,80,1.01,broken clouds,0.0,0.0
196,Xining,CN,2020-05-12 03:55:03,36.62,101.77,58.23,31,86,3.44,overcast clouds,0.0,0.0
197,Tuktoyaktuk,CA,2020-05-12 03:55:03,69.45,-133.04,30.2,86,40,16.11,scattered clouds,0.0,0.0
198,Alanya,TR,2020-05-12 03:54:59,36.54,32.0,69.22,62,0,4.25,clear sky,0.0,0.0
199,Batemans Bay,AU,2020-05-12 03:55:04,-35.72,150.18,69.01,31,36,3.0,scattered clouds,0.0,0.0
200,Shelton,US,2020-05-12 03:55:04,41.32,-73.09,51.8,70,90,14.99,overcast clouds,0.0,0.0
201,Poum,NC,2020-05-12 03:55:04,-20.23,164.02,75.15,72,0,21.36,clear sky,0.0,0.0
202,Majene,ID,2020-05-12 03:55:04,-3.54,118.97,87.62,65,87,10.92,overcast clouds,0.0,0.0
203,Te Anau,NZ,2020-05-12 03:55:04,-45.42,167.72,52.52,65,41,0.96,scattered clouds,0.0,0.0
204,Kerch,UA,2020-05-12 03:55:04,45.36,36.48,58.46,74,0,22.15,clear sky,0.0,0.0
205,Saint-Denis,FR,2020-05-12 03:54:52,48.92,2.33,42.01,65,97,10.29,overcast clouds,0.0,0.0
206,Hasaki,JP,2020-05-12 03:50:11,35.73,140.83,79.0,78,75,10.29,broken clouds,0.0,0.0
207,Faya,SA,2020-05-12 03:50:17,18.39,42.45,66.2,59,0,5.39,clear sky,0.0,0.0
208,Hamilton,US,2020-05-12 03:54:09,39.18,-84.53,45.0,65,90,3.36,overcast clouds,0.0,0.0
209,Natal,BR,2020-05-12 03:55:05,-5.79,-35.21,73.4,94,20,4.7,few clouds,0.0,0.0
210,Ilulissat,GL,2020-05-12 03:55:05,69.22,-51.1,50.0,46,8,20.8,clear sky,0.0,0.0
211,Quatre Cocos,MU,2020-05-12 03:55:05,-20.21,57.76,73.4,56,75,9.17,broken clouds,0.0,0.0
212,Neiafu,TO,2020-05-12 03:51:29,-18.65,-173.98,82.4,69,20,2.24,few clouds,0.0,0.0
213,Klaksvik,FO,2020-05-12 03:55:05,62.23,-6.59,32.0,89,100,19.46,light snow,0.0,0.0
214,Zhezkazgan,KZ,2020-05-12 03:55:06,47.8,67.71,73.4,49,97,6.71,overcast clouds,0.0,0.0
215,Alofi,NU,2020-05-12 03:55:06,-19.06,-169.92,82.4,83,51,8.05,broken clouds,0.0,0.0
216,Kimbe,PG,2020-05-12 03:55:06,-5.55,150.14,82.99,82,91,4.45,moderate rain,3.03,0.0
217,Huilong,CN,2020-05-12 03:55:06,31.81,121.66,81.0,27,0,4.0,clear sky,0.0,0.0
218,Aklavik,CA,2020-05-12 03:55:06,68.22,-135.01,30.2,86,90,6.93,light snow,0.0,0.0
219,Antropovo,RU,2020-05-12 03:55:06,58.4,43.01,50.72,88,67,9.33,broken clouds,0.0,0.0
220,Menongue,AO,2020-05-12 03:55:06,-14.66,17.69,56.66,78,63,2.71,broken clouds,0.0,0.0
221,Dasoguz,TM,2020-05-12 03:55:06,41.84,59.97,60.8,67,45,18.34,scattered clouds,0.0,0.0
222,Honiara,SB,2020-05-12 03:53:13,-9.43,159.95,89.6,62,40,8.05,scattered clouds,0.0,0.0
223,Sergeyevka,KZ,2020-05-12 03:55:07,53.88,67.42,79.07,38,5,5.17,light rain,0.13,0.0
224,Wanning,CN,2020-05-12 03:55:07,18.8,110.4,87.71,64,15,9.08,few clouds,0.0,0.0
225,Katsuura,JP,2020-05-12 03:55:07,35.13,140.3,78.01,78,75,8.05,broken clouds,0.0,0.0
226,La Romana,DO,2020-05-12 03:53:23,18.43,-68.97,73.4,100,20,5.97,few clouds,0.0,0.0
227,Mana,GF,2020-05-12 03:55:07,5.66,-53.78,77.88,85,100,11.92,overcast clouds,0.0,0.0
228,Miquelon,PM,2020-05-12 03:55:07,47.1,-56.38,35.51,86,0,6.82,clear sky,0.0,0.0
229,Kayan,MM,2020-05-12 03:55:07,16.91,96.56,93.2,63,40,2.24,scattered clouds,0.0,0.0
230,Puro,PH,2020-05-12 03:55:08,12.48,123.38,89.55,58,94,6.62,overcast clouds,0.0,0.0
231,Port Keats,AU,2020-05-12 03:55:08,-14.25,129.55,88.97,37,100,6.22,overcast clouds,0.0,0.0
232,Iqaluit,CA,2020-05-12 03:55:08,63.75,-68.51,37.4,69,75,19.46,broken clouds,0.0,0.0
233,Thompson,CA,2020-05-12 03:55:08,55.74,-97.86,28.4,46,20,4.7,few clouds,0.0,0.0
234,Nikolskoye,RU,2020-05-12 03:55:08,59.7,30.79,37.4,69,90,8.95,overcast clouds,0.0,0.0
235,Lucea,JM,2020-05-12 03:55:08,18.45,-78.17,82.4,78,75,5.82,broken clouds,0.0,0.0
236,Pascagoula,US,2020-05-12 03:55:09,30.37,-88.56,61.0,87,1,8.84,clear sky,0.0,0.0
237,Caconda,AO,2020-05-12 03:55:09,-13.73,15.07,54.59,78,94,3.2,overcast clouds,0.0,0.0
238,Ciudad Bolivar,VE,2020-05-12 03:55:09,8.12,-63.55,79.92,71,58,12.71,broken clouds,0.0,0.0
239,Codrington,AU,2020-05-12 03:55:09,-38.27,141.97,62.22,59,96,17.05,overcast clouds,0.0,0.0
240,Dabakala,CI,2020-05-12 03:55:09,8.37,-4.43,73.85,92,88,4.68,overcast clouds,0.0,0.0
241,Fonte Boa,BR,2020-05-12 03:55:09,-2.5,-66.27,74.43,97,84,1.88,light rain,0.13,0.0
242,Sao Gabriel Da Cachoeira,BR,2020-05-12 03:55:09,-0.13,-67.09,74.62,96,57,1.3,moderate rain,1.48,0.0
243,Ongandjera,NA,2020-05-12 03:55:09,-17.88,15.07,69.42,42,65,6.26,broken clouds,0.0,0.0
244,Vila Velha,BR,2020-05-12 03:50:56,-20.33,-40.29,66.0,93,0,2.24,clear sky,0.0,0.0
245,Deogarh,IN,2020-05-12 03:55:10,21.53,84.73,100.89,23,0,3.53,clear sky,0.0,0.0
246,Williamstown,US,2020-05-12 03:55:10,39.69,-75.0,46.99,67,2,4.0,clear sky,0.0,0.0
247,Arona,ES,2020-05-12 03:55:10,28.1,-16.68,68.0,64,40,9.17,scattered clouds,0.0,0.0
248,Sola,VU,2020-05-12 03:55:10,-13.88,167.55,82.4,78,90,5.82,overcast clouds,0.0,0.0
249,Imbituba,BR,2020-05-12 03:55:10,-28.24,-48.67,68.0,88,20,5.82,few clouds,0.0,0.0
250,Shetpe,KZ,2020-05-12 03:55:10,44.17,52.12,57.06,59,6,17.65,clear sky,0.0,0.0
251,Bembereke,BJ,2020-05-12 03:55:10,10.23,2.66,75.11,83,24,8.99,few clouds,0.0,0.0
252,Camana,PE,2020-05-12 03:55:11,-16.62,-72.71,65.35,77,24,5.82,few clouds,0.0,0.0
253,Chicama,PE,2020-05-12 03:55:11,-7.84,-79.15,70.72,78,50,6.55,scattered clouds,0.0,0.0
254,Marystown,CA,2020-05-12 03:55:11,47.17,-55.15,33.03,94,1,5.01,clear sky,0.0,0.0
255,Kodiak,US,2020-05-12 03:55:11,57.79,-152.41,51.8,53,90,11.41,overcast clouds,0.0,0.0
256,Gay,RU,2020-05-12 03:55:11,51.47,58.46,53.6,93,47,8.95,scattered clouds,0.0,0.0
257,Milove,UA,2020-05-12 03:55:11,49.38,40.13,56.77,76,85,10.04,overcast clouds,0.0,0.0
258,Ngama,TD,2020-05-12 03:55:11,11.78,17.17,86.58,43,82,2.93,broken clouds,0.0,0.0
259,Taseyevo,RU,2020-05-12 03:55:12,57.22,94.9,71.13,49,97,5.75,overcast clouds,0.0,0.0
260,Waddan,LY,2020-05-12 03:55:12,29.16,16.14,72.63,18,9,1.3,clear sky,0.0,0.0
261,Jizan,SA,2020-05-12 03:55:12,17.33,42.67,87.8,55,0,1.3,clear sky,0.0,0.0
262,Malm,NO,2020-05-12 03:55:12,64.07,11.22,33.01,90,90,10.29,shower rain,0.0,0.0
263,Manjacaze,MZ,2020-05-12 03:55:12,-24.71,33.88,59.05,89,0,3.56,clear sky,0.0,0.0
264,Kieta,PG,2020-05-12 03:55:12,-6.22,155.63,84.06,79,96,8.41,moderate rain,1.36,0.0
265,Shimoda,JP,2020-05-12 03:55:12,34.67,138.95,78.01,73,75,12.75,broken clouds,0.0,0.0
266,Nanortalik,GL,2020-05-12 03:55:12,60.14,-45.24,41.29,77,99,16.17,overcast clouds,0.0,0.0
267,Cidreira,BR,2020-05-12 03:55:13,-30.18,-50.21,68.45,85,97,5.06,overcast clouds,0.0,0.0
268,Vestmannaeyjar,IS,2020-05-12 03:51:15,63.44,-20.27,42.96,80,86,11.07,overcast clouds,0.0,0.0
269,Cherskiy,RU,2020-05-12 03:55:13,68.75,161.3,46.04,55,0,20.07,clear sky,0.0,0.0
270,Bealanana,MG,2020-05-12 03:55:13,-14.55,48.73,59.22,87,90,3.98,overcast clouds,0.0,0.0
271,Pangnirtung,CA,2020-05-12 03:55:13,66.15,-65.71,26.04,88,3,13.33,clear sky,0.0,0.0
272,Griffith,US,2020-05-12 03:55:13,41.53,-87.42,44.6,80,1,5.32,clear sky,0.0,0.0
273,Emerald,AU,2020-05-12 03:55:13,-23.53,148.17,78.8,27,8,9.17,clear sky,0.0,0.0
274,Gushikawa,JP,2020-05-12 03:55:13,26.35,127.87,75.2,100,90,6.93,very heavy rain,25.4,0.0
275,Stornoway,GB,2020-05-12 03:55:14,58.21,-6.39,39.2,93,22,5.82,few clouds,0.0,0.0
276,Nauta,PE,2020-05-12 03:55:14,-4.51,-73.58,75.74,79,28,1.21,scattered clouds,0.0,0.0
277,Sukumo,JP,2020-05-12 03:55:14,32.93,132.73,75.78,42,88,7.52,overcast clouds,0.0,0.0
278,Koutsouras,GR,2020-05-12 03:55:14,35.03,25.95,63.0,85,2,7.76,clear sky,0.0,0.0
279,Ossora,RU,2020-05-12 03:55:14,59.24,163.07,34.09,96,100,6.51,overcast clouds,0.0,0.0
280,Wuwei,CN,2020-05-12 03:55:14,37.93,102.64,71.01,19,34,1.99,scattered clouds,0.0,0.0
281,Yenagoa,NG,2020-05-12 03:55:14,4.92,6.26,75.31,93,44,1.88,scattered clouds,0.0,0.0
282,Banyo,CM,2020-05-12 03:55:15,6.75,11.82,68.0,89,100,2.17,overcast clouds,0.0,0.0
283,Churapcha,RU,2020-05-12 03:55:15,62.0,132.43,47.21,55,100,7.31,overcast clouds,0.0,0.0
284,Koungheul,SN,2020-05-12 03:55:15,13.98,-14.8,73.92,65,96,11.52,overcast clouds,0.0,0.0
285,Nuuk,GL,2020-05-12 03:55:15,64.18,-51.72,42.8,81,100,1.12,overcast clouds,0.0,0.0
286,Beloha,MG,2020-05-12 03:55:15,-25.17,45.05,65.07,73,75,5.06,broken clouds,0.0,0.0
287,Khorixas,NA,2020-05-12 03:55:15,-20.37,14.97,66.51,39,40,8.61,scattered clouds,0.0,0.0
288,Savona,IT,2020-05-12 03:55:15,44.3,8.27,55.0,97,53,2.35,broken clouds,0.0,0.0
289,Kaohsiung,TW,2020-05-12 03:55:15,22.62,120.31,87.8,62,75,10.29,broken clouds,0.0,0.0
290,Takoradi,GH,2020-05-12 03:55:16,4.88,-1.76,77.58,89,97,9.06,overcast clouds,0.0,0.0
291,Bulungu,CD,2020-05-12 03:55:16,-4.55,18.6,70.77,96,97,1.34,overcast clouds,0.0,0.0
292,Estrela,BR,2020-05-12 03:55:16,-28.06,-50.94,58.62,85,100,3.49,overcast clouds,0.0,0.0
293,Hofn,IS,2020-05-12 03:55:16,64.25,-15.21,32.31,86,54,4.83,broken clouds,0.0,0.0
294,Mazyr,BY,2020-05-12 03:55:16,52.05,29.25,61.52,87,85,13.24,overcast clouds,0.0,0.0
295,Havoysund,NO,2020-05-12 03:55:16,71.0,24.66,32.0,95,75,32.21,light rain and snow,0.0,0.0
296,Kotelnikovo,RU,2020-05-12 03:55:17,47.63,43.15,57.02,76,65,13.31,broken clouds,0.0,0.0
297,Acarau,BR,2020-05-12 03:55:11,-2.89,-40.12,77.31,88,3,8.21,clear sky,0.0,0.0
298,Victoria,HK,2020-05-12 03:55:17,22.29,114.16,82.0,74,99,5.99,light rain,0.32,0.0
299,Aswan,EG,2020-05-12 03:55:17,24.09,32.91,76.05,18,44,9.15,scattered clouds,0.0,0.0
300,Ormara,PK,2020-05-12 03:55:17,25.21,64.64,82.49,81,44,10.38,scattered clouds,0.0,0.0
301,Nizwa,OM,2020-05-12 03:55:17,22.93,57.53,93.18,23,0,2.53,clear sky,0.0,0.0
302,Nome,US,2020-05-12 03:55:17,64.5,-165.41,55.4,54,75,16.11,broken clouds,0.0,0.0
303,Cedar City,US,2020-05-12 03:55:18,37.68,-113.06,62.6,21,1,12.75,clear sky,0.0,0.0
304,Paducah,US,2020-05-12 03:55:18,37.08,-88.6,51.8,57,40,3.67,scattered clouds,0.0,0.0
305,Caravelas,BR,2020-05-12 03:50:54,-17.71,-39.25,71.08,76,0,3.76,clear sky,0.0,0.0
306,Pyshma,RU,2020-05-12 03:55:18,56.95,63.25,70.68,61,81,7.36,broken clouds,0.0,0.0
307,Adrar,MR,2020-05-12 03:55:18,20.5,-10.07,80.71,16,0,12.12,clear sky,0.0,0.0
308,Havre-Saint-Pierre,CA,2020-05-12 03:55:18,50.23,-63.6,33.8,86,1,10.29,clear sky,0.0,0.0
309,Ballina,AU,2020-05-12 03:55:18,-28.87,153.57,62.6,82,90,9.17,overcast clouds,0.0,0.0
310,Incourt,BE,2020-05-12 03:55:18,50.7,4.77,35.6,94,14,2.24,few clouds,0.0,0.0
311,Baoning,CN,2020-05-12 03:55:19,25.34,110.03,82.4,48,5,11.18,clear sky,0.0,0.0
312,Namatanai,PG,2020-05-12 03:55:19,-3.67,152.43,85.84,70,99,6.24,moderate rain,1.41,0.0
313,Igarka,RU,2020-05-12 03:55:19,67.47,86.58,34.0,95,89,12.39,overcast clouds,0.0,0.0
314,Merrill,US,2020-05-12 03:55:19,45.18,-89.68,41.0,86,1,2.8,clear sky,0.0,0.0
315,Mosquera,CO,2020-05-12 03:55:19,4.71,-74.23,59.0,87,40,3.36,scattered clouds,0.0,0.0
316,Awbari,LY,2020-05-12 03:55:19,26.59,12.78,79.72,16,2,4.54,clear sky,0.0,0.0
317,Smiltene,LV,2020-05-12 03:55:19,57.42,25.9,35.01,74,100,3.0,overcast clouds,0.0,0.0
318,Abu Samrah,SY,2020-05-12 03:55:20,35.3,37.18,66.81,37,0,6.33,clear sky,0.0,0.0
319,Porto Novo,BJ,2020-05-12 03:55:20,6.5,2.6,78.8,94,40,3.36,scattered clouds,0.0,0.0
320,Iberia,US,2020-05-12 03:55:20,29.95,-91.75,66.2,88,1,5.12,clear sky,0.0,0.0
321,Lorengau,PG,2020-05-12 03:55:20,-2.02,147.27,85.64,73,97,4.56,light rain,0.82,0.0
322,Sampit,ID,2020-05-12 03:55:20,-2.53,112.95,83.66,85,95,3.24,light rain,0.72,0.0
323,Karratha,AU,2020-05-12 03:55:20,-20.74,116.85,90.82,21,0,13.69,clear sky,0.0,0.0
324,Grand-Lahou,CI,2020-05-12 03:55:20,5.14,-5.02,75.96,89,99,6.31,overcast clouds,0.0,0.0
325,Geraldton,AU,2020-05-12 03:55:21,-28.77,114.6,80.6,28,89,10.29,overcast clouds,0.0,0.0
326,Qaqortoq,GL,2020-05-12 03:55:21,60.72,-46.03,50.0,31,100,29.97,overcast clouds,0.0,0.0
327,Gazojak,TM,2020-05-12 03:55:21,41.19,61.4,66.34,51,91,14.94,overcast clouds,0.0,0.0
328,Acu,BR,2020-05-12 03:55:21,-5.58,-36.91,73.22,81,0,3.58,clear sky,0.0,0.0
329,Alice Springs,AU,2020-05-12 03:55:21,-23.7,133.88,69.8,16,65,9.17,broken clouds,0.0,0.0
330,Teguldet,RU,2020-05-12 03:55:21,57.31,88.17,76.77,34,73,4.21,broken clouds,0.0,0.0
331,Liverpool,GB,2020-05-12 03:55:03,53.41,-2.98,46.0,87,0,11.41,clear sky,0.0,0.0
332,Upernavik,GL,2020-05-12 03:55:22,72.79,-56.15,31.96,92,100,8.48,overcast clouds,0.0,0.0
333,Pita,GN,2020-05-12 03:55:22,10.83,-12.58,73.24,84,100,0.6,moderate rain,1.25,0.0
334,Port Hardy,CA,2020-05-12 03:55:22,50.7,-127.42,64.4,63,75,8.05,broken clouds,0.0,0.0
335,Praia,CV,2020-05-12 03:55:22,14.92,-23.51,71.6,78,20,16.11,few clouds,0.0,0.0
336,Sisimiut,GL,2020-05-12 03:55:22,66.94,-53.67,43.09,82,97,5.61,overcast clouds,0.0,0.0
337,Longyearbyen,SJ,2020-05-12 03:55:22,78.22,15.64,17.6,61,20,14.99,few clouds,0.0,0.0
338,Buala,SB,2020-05-12 03:55:22,-8.14,159.59,84.61,76,92,10.18,light rain,1.0,0.0
339,Kautokeino,NO,2020-05-12 03:55:22,69.01,23.04,24.73,93,100,12.84,overcast clouds,0.0,0.0
340,Karaton,ID,2020-05-12 03:55:23,-6.34,106.1,91.4,63,40,5.82,scattered clouds,0.0,0.0
341,Asau,RO,2020-05-12 03:51:20,46.43,26.4,63.0,72,23,3.36,few clouds,0.0,0.0
342,Havelock,US,2020-05-12 03:55:23,34.88,-76.9,57.0,49,0,1.99,clear sky,0.0,0.0
343,Sambava,MG,2020-05-12 03:55:23,-14.27,50.17,72.93,74,31,10.51,scattered clouds,0.0,0.0
344,Lahij,YE,2020-05-12 03:55:23,13.17,44.58,88.48,30,0,3.42,clear sky,0.0,0.0
345,Muros,ES,2020-05-12 03:55:23,42.78,-9.06,57.0,86,73,1.01,broken clouds,0.0,0.0
346,Haines Junction,CA,2020-05-12 03:55:23,60.75,-137.51,61.65,33,0,5.3,clear sky,0.0,0.0
347,Melegnano,IT,2020-05-12 03:55:24,45.36,9.32,59.0,100,76,1.12,broken clouds,0.0,0.0
348,Goshogawara,JP,2020-05-12 03:55:24,40.8,140.44,71.01,37,100,5.82,overcast clouds,0.0,0.0
349,Kahului,US,2020-05-12 03:53:36,20.89,-156.47,80.6,57,75,17.22,broken clouds,0.0,0.0
350,Flinders,AU,2020-05-12 03:55:24,-34.58,150.86,68.0,50,31,8.01,scattered clouds,0.0,0.0
351,Ganzhou,CN,2020-05-12 03:55:24,28.82,115.43,82.54,26,30,2.64,scattered clouds,0.0,0.0
352,Itabaiana,BR,2020-05-12 03:55:24,-10.69,-37.43,77.0,88,20,5.82,few clouds,0.0,0.0
353,Amethi,IN,2020-05-12 03:55:24,26.15,81.82,99.34,16,36,2.48,scattered clouds,0.0,0.0
354,Sorland,NO,2020-05-12 03:55:24,67.67,12.69,37.4,82,20,9.17,few clouds,0.0,0.0
355,Maarianhamina,AX,2020-05-12 03:55:25,60.1,19.93,30.2,92,0,1.12,clear sky,0.0,0.0
356,Kothi,IN,2020-05-12 03:55:25,24.75,80.78,100.69,16,1,9.28,clear sky,0.0,0.0
357,Sabang,ID,2020-05-12 03:55:25,5.89,95.32,83.77,75,96,5.99,overcast clouds,0.0,0.0
358,Arauco,CL,2020-05-12 03:55:25,-37.25,-73.32,50.0,87,95,5.82,overcast clouds,0.0,0.0
359,Llangefni,GB,2020-05-12 03:55:25,53.26,-4.31,37.4,86,0,1.12,clear sky,0.0,0.0
360,Itarema,BR,2020-05-12 03:55:25,-2.92,-39.92,76.95,89,0,8.25,clear sky,0.0,0.0
361,Ha Tinh,VN,2020-05-12 03:55:25,18.33,105.9,85.46,74,74,6.33,broken clouds,0.0,0.0
362,Teknaf,BD,2020-05-12 03:55:25,20.86,92.31,90.68,50,59,5.23,broken clouds,0.0,0.0
363,Altar,MX,2020-05-12 03:55:26,30.7,-111.82,79.21,19,0,9.86,clear sky,0.0,0.0
364,Alyangula,AU,2020-05-12 03:55:26,-13.85,136.42,86.0,51,40,8.05,scattered clouds,0.0,0.0
365,Debre Birhan,ET,2020-05-12 03:55:26,9.68,39.53,50.94,65,0,2.13,clear sky,0.0,0.0
366,Tessalit,ML,2020-05-12 03:55:26,20.2,1.01,82.53,15,5,6.85,clear sky,0.0,0.0
367,Rudsar,IR,2020-05-12 03:55:26,37.14,50.29,57.2,100,90,6.93,light rain,0.0,0.0
368,Umm Lajj,SA,2020-05-12 03:55:26,25.02,37.27,78.98,44,46,8.97,scattered clouds,0.0,0.0
369,San Patricio,MX,2020-05-12 03:50:47,19.22,-104.7,74.98,78,0,6.15,clear sky,0.0,0.0
370,Aykhal,RU,2020-05-12 03:55:26,66.0,111.5,24.8,68,90,11.18,light shower snow,0.0,0.0
371,Esperance,AU,2020-05-12 03:55:27,-33.87,121.9,62.6,63,90,4.7,overcast clouds,0.0,0.0
372,Ancud,CL,2020-05-12 03:55:27,-41.87,-73.82,48.0,100,75,2.24,broken clouds,0.0,0.0
373,Axim,GH,2020-05-12 03:55:27,4.87,-2.24,77.76,88,100,8.77,overcast clouds,0.0,0.0
374,Pochutla,MX,2020-05-12 03:55:27,15.74,-96.47,84.99,59,55,2.06,light rain,0.54,0.0
375,Sabha,LY,2020-05-12 03:55:27,27.04,14.43,76.98,14,0,11.36,clear sky,0.0,0.0
376,Ostrovnoy,RU,2020-05-12 03:50:28,68.05,39.51,41.63,91,100,29.28,moderate rain,2.14,0.0
377,Timizart,DZ,2020-05-12 03:55:28,36.8,4.27,59.49,55,0,5.3,clear sky,0.0,0.0
378,Vao,NC,2020-05-12 03:55:28,-22.67,167.48,73.09,71,1,18.9,clear sky,0.0,0.0
379,Harer,ET,2020-05-12 03:55:28,9.31,42.13,64.89,81,22,2.46,few clouds,0.0,0.0
380,The Pas,CA,2020-05-12 03:55:28,53.83,-101.25,32.0,80,1,3.04,clear sky,0.0,0.0
381,Olinda,BR,2020-05-12 03:55:28,-8.01,-34.86,77.0,94,75,4.7,light rain,0.0,0.0
382,Nara,JP,2020-05-12 03:55:28,34.69,135.8,82.0,44,75,11.41,broken clouds,0.0,0.0
383,Salinopolis,BR,2020-05-12 03:55:28,-0.61,-47.36,79.02,85,100,7.78,light rain,0.48,0.0
384,Turtas,RU,2020-05-12 03:55:29,58.94,69.13,74.12,54,88,6.06,overcast clouds,0.0,0.0
385,Lazaro Cardenas,MX,2020-05-12 03:55:29,17.96,-102.2,75.2,75,0,4.03,clear sky,0.0,0.0
386,Mogadishu,SO,2020-05-12 03:55:29,2.04,45.34,82.4,69,40,13.87,scattered clouds,0.0,0.0
387,Yulara,AU,2020-05-12 03:55:29,-25.24,130.99,68.0,20,0,6.93,clear sky,0.0,0.0
388,Surt,LY,2020-05-12 03:55:29,31.21,16.59,68.4,81,80,12.95,broken clouds,0.0,0.0
389,Los Llanos De Aridane,ES,2020-05-12 03:55:29,28.66,-17.92,64.4,59,40,4.7,scattered clouds,0.0,0.0
390,Stykkisholmur,IS,2020-05-12 03:55:29,65.08,-22.73,34.05,86,67,8.63,broken clouds,0.0,0.0
391,Nishihara,JP,2020-05-12 03:51:23,26.18,127.76,75.2,94,75,8.05,shower rain,25.4,0.0
392,Sitka,US,2020-05-12 03:55:30,57.05,-135.33,57.2,62,40,4.7,scattered clouds,0.0,0.0
393,Leningradskiy,RU,2020-05-12 03:50:48,69.38,178.42,34.88,95,6,4.68,clear sky,0.0,0.0
394,Miranda,CO,2020-05-12 03:55:30,3.25,-76.23,69.8,88,75,3.36,broken clouds,0.0,0.0
395,Port Blair,IN,2020-05-12 03:55:30,11.67,92.75,87.06,70,74,11.88,light rain,0.69,0.0
396,Maniitsoq,GL,2020-05-12 03:55:30,65.42,-52.9,40.87,79,100,3.58,overcast clouds,0.0,0.0
397,Verkhoyansk,RU,2020-05-12 03:55:30,67.54,133.38,32.81,92,100,2.55,overcast clouds,0.0,0.0
398,Olafsvik,IS,2020-05-12 03:50:41,64.89,-23.71,38.44,81,75,9.95,broken clouds,0.0,0.0
399,Grand Gaube,MU,2020-05-12 03:55:31,-20.01,57.66,72.0,68,73,1.99,broken clouds,0.0,0.0
400,Lebedinyy,RU,2020-05-12 03:55:31,58.52,125.52,33.57,89,100,10.29,light snow,0.0,0.18
401,Wau,SS,2020-05-12 03:55:31,7.7,28.0,73.69,88,99,5.17,overcast clouds,0.0,0.0
402,Pisticci,IT,2020-05-12 03:55:31,40.39,16.56,64.99,93,5,6.93,clear sky,0.0,0.0
403,High Level,CA,2020-05-12 03:55:31,58.52,-117.14,55.4,24,20,9.17,few clouds,0.0,0.0
404,Polyarnyy,RU,2020-05-12 03:55:31,69.2,33.45,32.0,96,75,6.71,broken clouds,0.0,0.0
405,Port Lincoln,AU,2020-05-12 03:55:31,-34.73,135.87,65.07,58,1,16.8,clear sky,0.0,0.0
406,Saint-Augustin,CA,2020-05-12 03:55:31,51.23,-58.65,34.05,90,35,8.01,scattered clouds,0.0,0.0
407,Vila Franca Do Campo,PT,2020-05-12 03:55:31,37.72,-25.43,59.0,82,20,10.29,few clouds,0.0,0.0
408,Bara,NG,2020-05-12 03:55:32,10.37,10.73,80.98,65,48,11.68,scattered clouds,0.0,0.0
409,Cap Malheureux,MU,2020-05-12 03:55:32,-19.98,57.61,72.0,68,75,1.99,broken clouds,0.0,0.0
410,Krk,HR,2020-05-12 03:55:32,45.03,14.57,60.01,92,59,10.94,light rain,0.87,0.0
411,Kangalassy,RU,2020-05-12 03:55:32,62.35,129.96,48.2,39,100,4.47,overcast clouds,0.0,0.0
412,Cabedelo,BR,2020-05-12 03:55:32,-6.98,-34.83,75.2,100,20,5.82,few clouds,0.0,0.0
413,Campos Novos,BR,2020-05-12 03:52:01,-27.4,-51.23,57.04,89,83,3.27,broken clouds,0.0,0.0
414,Beira,MZ,2020-05-12 03:51:09,-19.84,34.84,62.6,100,20,5.82,few clouds,0.0,0.0
415,Huarmey,PE,2020-05-12 03:55:33,-10.07,-78.15,67.77,85,57,10.2,broken clouds,0.0,0.0
416,Clyde River,CA,2020-05-12 03:55:33,70.47,-68.59,12.2,92,90,6.93,light snow,0.0,0.0
417,Itoman,JP,2020-05-12 03:55:33,26.12,127.67,75.2,94,75,8.05,shower rain,25.4,0.0
418,Priyutovo,RU,2020-05-12 03:55:33,53.9,53.93,48.69,95,100,7.94,moderate rain,1.06,0.0
419,Sananduva,BR,2020-05-12 03:55:33,-27.95,-51.81,60.66,93,100,2.46,overcast clouds,0.0,0.0
420,Hualmay,PE,2020-05-12 03:55:34,-11.1,-77.61,66.69,85,53,10.31,broken clouds,0.0,0.0
421,Tukrah,LY,2020-05-12 03:55:34,32.53,20.58,80.51,16,0,20.04,clear sky,0.0,0.0
422,Tiksi,RU,2020-05-12 03:55:34,71.69,128.87,31.5,99,100,8.12,light snow,0.0,0.12
423,Butterworth,MY,2020-05-12 03:55:34,5.4,100.36,87.8,74,20,4.7,few clouds,0.0,0.0
424,Tilichiki,RU,2020-05-12 03:55:34,60.47,166.1,33.13,100,100,7.16,overcast clouds,0.0,0.0
425,Saint Anthony,US,2020-05-12 03:55:34,45.02,-93.22,46.4,31,1,3.36,clear sky,0.0,0.0
426,Lysyye Gory,RU,2020-05-12 03:55:34,51.55,44.84,53.22,74,0,3.8,clear sky,0.0,0.0
427,Lavrentiya,RU,2020-05-12 03:55:34,65.58,-171.0,35.78,95,99,1.7,overcast clouds,0.0,0.0
428,Celestun,MX,2020-05-12 03:55:34,20.87,-90.4,77.65,76,3,15.5,clear sky,0.0,0.0
429,Hailar,CN,2020-05-12 03:55:35,49.2,119.7,51.28,45,76,12.41,broken clouds,0.0,0.0
430,Vardo,NO,2020-05-12 03:55:35,70.37,31.11,33.8,86,75,31.09,shower rain,0.0,0.0
431,Lumeje,AO,2020-05-12 03:55:35,-11.55,20.78,58.51,72,67,4.79,broken clouds,0.0,0.0
432,Ostersund,SE,2020-05-12 03:55:35,63.18,14.64,30.2,80,90,11.41,overcast clouds,0.0,0.0
433,Upata,VE,2020-05-12 03:55:35,8.01,-62.4,75.0,93,36,1.99,scattered clouds,0.0,0.0
434,Tumpat,MY,2020-05-12 03:55:35,6.2,102.17,91.4,66,20,6.93,few clouds,0.0,0.0
435,Cairns,AU,2020-05-12 03:54:43,-16.92,145.77,80.6,61,75,16.11,light intensity shower rain,0.0,0.0
436,Lasa,IT,2020-05-12 03:55:35,46.62,10.7,42.8,100,75,17.22,broken clouds,0.0,0.0
437,Rio Grande,BR,2020-05-12 03:55:36,-32.03,-52.1,55.99,94,28,8.75,scattered clouds,0.0,0.0
438,Bogotol,RU,2020-05-12 03:55:36,56.21,89.53,73.6,39,47,4.85,scattered clouds,0.0,0.0
439,Cayenne,GF,2020-05-12 03:50:42,4.93,-52.33,75.2,100,20,11.59,light rain,0.0,0.0
440,Talara,PE,2020-05-12 03:55:36,-4.58,-81.27,72.0,80,23,12.82,few clouds,0.0,0.0
441,Tingi,TZ,2020-05-12 03:55:36,-11.3,35.03,57.09,88,48,0.87,scattered clouds,0.0,0.0
442,Deputatskiy,RU,2020-05-12 03:55:36,69.3,139.9,28.98,100,95,2.95,light snow,0.0,0.14
443,Bandarbeyla,SO,2020-05-12 03:55:36,9.49,50.81,83.39,72,83,10.51,broken clouds,0.0,0.0
444,Rosa Zarate,EC,2020-05-12 03:55:36,0.33,-79.47,75.18,94,100,1.83,light rain,0.55,0.0
445,Arman,RU,2020-05-12 03:55:37,59.7,150.17,40.95,69,25,4.83,scattered clouds,0.0,0.0
446,Lamphun,TH,2020-05-12 03:55:37,18.25,98.92,93.0,97,25,1.12,scattered clouds,0.0,0.0
447,Atar,MR,2020-05-12 03:55:37,20.52,-13.05,77.99,21,0,12.1,clear sky,0.0,0.0
448,Leh,IN,2020-05-12 03:55:37,34.17,77.58,43.41,51,76,2.82,broken clouds,0.0,0.0
449,Hammerfest,NO,2020-05-12 03:55:37,70.66,23.68,30.2,80,75,35.57,shower rain,0.0,0.0
450,Tiznit,MA,2020-05-12 03:55:37,29.58,-9.5,56.12,85,68,12.44,light rain,0.13,0.0
451,Kenai,US,2020-05-12 03:55:37,60.55,-151.26,46.0,70,75,12.75,broken clouds,0.0,0.0
452,Fairbanks,US,2020-05-12 03:55:37,64.84,-147.72,75.2,23,40,11.41,scattered clouds,0.0,0.0
453,Arlit,NE,2020-05-12 03:55:38,18.74,7.39,83.89,13,0,9.42,clear sky,0.0,0.0
454,Minab,IR,2020-05-12 03:55:38,27.15,57.08,84.2,70,5,2.24,clear sky,0.0,0.0
455,Hovd,MN,2020-05-12 03:55:38,48.01,91.64,66.02,21,100,4.9,overcast clouds,0.0,0.0
456,Ixtapa,MX,2020-05-12 03:55:38,20.7,-105.2,72.77,65,0,2.53,clear sky,0.0,0.0
457,Milas,TR,2020-05-12 03:55:38,37.32,27.78,53.6,81,13,4.7,few clouds,0.0,0.0
458,Darab,IR,2020-05-12 03:55:38,28.75,54.54,77.97,17,7,5.61,clear sky,0.0,0.0
459,Pevek,RU,2020-05-12 03:55:38,69.7,170.31,37.54,77,0,13.15,clear sky,0.0,0.0
460,Ucluelet,CA,2020-05-12 03:55:39,48.93,-125.55,55.0,87,100,1.86,light rain,0.24,0.0
461,Buarcos,PT,2020-05-12 03:55:39,40.17,-8.88,55.99,93,20,2.24,few clouds,0.0,0.0
462,Den Chai,TH,2020-05-12 03:55:39,17.98,100.05,82.4,78,40,1.92,scattered clouds,0.0,0.0
463,Walvis Bay,NA,2020-05-12 03:55:40,-22.96,14.51,71.49,44,0,6.53,clear sky,0.0,0.0
464,Grindavik,IS,2020-05-12 03:55:40,63.84,-22.43,39.2,80,75,5.82,broken clouds,0.0,0.0
465,Parabel,RU,2020-05-12 03:55:40,58.7,81.48,76.41,37,2,6.8,clear sky,0.0,0.0
466,Roswell,US,2020-05-12 03:50:46,34.02,-84.36,55.4,50,1,4.7,clear sky,0.0,0.0
467,Hokitika,NZ,2020-05-12 03:55:41,-42.72,170.97,54.16,92,100,5.14,moderate rain,1.36,0.0
468,Kruisfontein,ZA,2020-05-12 03:55:41,-34.0,24.73,60.57,78,100,3.78,overcast clouds,0.0,0.0
469,Santa Maria,BR,2020-05-12 03:55:42,-29.68,-53.81,65.66,96,85,3.91,moderate rain,1.02,0.0
470,Bugiri,UG,2020-05-12 03:55:42,0.57,33.74,64.27,96,54,2.21,light rain,0.32,0.0
471,Henties Bay,NA,2020-05-12 03:55:43,-22.12,14.28,68.23,56,0,5.75,clear sky,0.0,0.0
472,Ketchikan,US,2020-05-12 03:55:43,55.34,-131.65,60.8,41,1,3.36,clear sky,0.0,0.0
473,Marienburg,PL,2020-05-12 03:55:43,54.04,19.03,39.99,100,99,9.73,overcast clouds,0.0,0.0
474,Urusha,RU,2020-05-12 03:55:43,54.05,122.9,50.34,41,91,11.18,overcast clouds,0.0,0.0
475,Bongandanga,CD,2020-05-12 03:55:43,1.5,21.05,71.44,99,100,1.07,overcast clouds,0.0,0.0
476,Sawtell,AU,2020-05-12 03:55:43,-30.38,153.1,69.8,56,90,10.29,overcast clouds,0.0,0.0
477,Rengo,CL,2020-05-12 03:55:43,-34.42,-70.87,48.2,76,90,4.7,overcast clouds,0.0,0.0
478,Meulaboh,ID,2020-05-12 03:55:44,4.14,96.13,87.12,65,97,3.09,overcast clouds,0.0,0.0
479,Loandjili,CG,2020-05-12 03:55:44,-4.76,11.86,77.76,92,72,1.95,broken clouds,0.0,0.0
480,Pandan,PH,2020-05-12 03:55:44,14.05,124.17,87.26,65,100,8.03,overcast clouds,0.0,0.0
481,Sinnamary,GF,2020-05-12 03:55:44,5.38,-52.95,78.21,84,100,11.9,overcast clouds,0.0,0.0
482,Coihueco,CL,2020-05-12 03:55:44,-36.62,-71.83,44.6,100,50,4.7,scattered clouds,0.0,0.0
483,Qasigiannguit,GL,2020-05-12 03:55:44,68.82,-51.19,50.0,46,10,20.8,clear sky,0.0,0.0
484,Sayyan,YE,2020-05-12 03:55:44,15.17,44.32,64.98,33,0,5.84,clear sky,0.0,0.0
485,Moose Factory,CA,2020-05-12 03:55:44,51.26,-80.61,17.6,67,1,4.7,clear sky,0.0,0.0
486,Pitimbu,BR,2020-05-12 03:55:45,-7.47,-34.81,75.2,100,20,5.82,few clouds,0.0,0.0
487,Porto Santo,PT,2020-05-12 03:55:45,33.07,-16.34,62.6,82,75,19.46,broken clouds,0.0,0.0
488,Honningsvag,NO,2020-05-12 03:55:45,70.98,25.97,32.0,95,75,32.21,light rain and snow,0.0,0.0
489,Kamenka,RU,2020-05-12 03:55:45,51.32,42.77,52.0,87,0,4.0,clear sky,0.0,0.0
490,Ulety,RU,2020-05-12 03:55:45,51.36,112.48,63.14,29,1,12.73,clear sky,0.0,0.0
491,Santa Cruz,BO,2020-05-12 03:52:43,-17.8,-63.17,71.6,94,75,3.36,broken clouds,0.0,0.0
492,Bosaso,SO,2020-05-12 03:55:45,11.28,49.18,89.69,49,32,3.56,scattered clouds,0.0,0.0
493,Atherton,GB,2020-05-12 03:55:45,53.52,-2.49,41.0,86,0,4.7,clear sky,0.0,0.0
494,Jalu,LY,2020-05-12 03:55:46,29.03,21.55,71.82,20,0,10.54,clear sky,0.0,0.0
495,Gizo,SB,2020-05-12 03:55:46,-8.1,156.84,83.61,77,91,15.3,overcast clouds,0.0,0.0
496,Lukovetskiy,RU,2020-05-12 03:55:46,64.3,41.92,53.6,54,75,8.95,broken clouds,0.0,0.0
497,Katima Mulilo,NA,2020-05-12 03:55:46,-17.5,24.27,48.2,81,84,2.24,broken clouds,0.0,0.0
498,Omboue,GA,2020-05-12 03:55:46,-1.57,9.26,76.77,87,14,1.99,few clouds,0.0,0.0
499,Mudgal,IN,2020-05-12 03:55:46,16.02,76.43,93.02,22,2,7.36,clear sky,0.0,0.0
500,Andenes,NO,2020-05-12 03:55:46,69.31,16.12,35.6,69,98,9.17,overcast clouds,0.0,0.0
501,Kristiinankaupunki,FI,2020-05-12 03:55:46,62.27,21.38,37.85,75,0,9.33,clear sky,0.0,0.0
502,Puerto Narino,CO,2020-05-12 03:55:47,-3.77,-70.38,80.6,94,40,2.24,scattered clouds,0.0,0.0
503,Muli,MV,2020-05-12 03:55:47,2.92,73.57,84.43,79,100,12.53,light rain,0.32,0.0
504,Bilma,NE,2020-05-12 03:55:47,18.69,12.92,75.69,15,0,2.13,clear sky,0.0,0.0
505,Bairnsdale,AU,2020-05-12 03:55:47,-37.83,147.62,63.0,54,93,1.01,overcast clouds,0.0,0.0
506,Nouadhibou,MR,2020-05-12 03:55:47,20.93,-17.03,66.2,77,0,20.8,sand,0.0,0.0
507,Elliot,ZA,2020-05-12 03:55:47,-31.33,27.85,50.11,47,1,6.85,clear sky,0.0,0.0
508,Pauini,BR,2020-05-12 03:55:47,-7.71,-66.98,73.85,96,15,2.15,few clouds,0.0,0.0
509,Santa Rosa,PH,2020-05-12 03:55:47,14.31,121.11,93.99,56,20,5.82,few clouds,0.0,0.0
510,Kidal,ML,2020-05-12 03:55:48,18.44,1.41,83.91,27,0,9.31,clear sky,0.0,0.0
511,Xinqing,CN,2020-05-12 03:55:48,48.23,129.5,51.94,43,100,11.43,overcast clouds,0.0,0.0
512,Maragogi,BR,2020-05-12 03:55:48,-9.01,-35.22,75.31,86,0,3.29,clear sky,0.0,0.0
513,Kungurtug,RU,2020-05-12 03:55:48,50.6,97.52,67.96,23,77,9.64,broken clouds,0.0,0.0
514,Kawambwa,ZM,2020-05-12 03:55:48,-9.79,29.08,57.07,93,67,6.44,broken clouds,0.0,0.0
515,Bogorodskoye,RU,2020-05-12 03:55:49,56.55,37.88,56.55,78,31,16.62,scattered clouds,0.0,0.0
516,Gorin,RU,2020-05-12 03:55:49,51.2,136.67,60.21,42,98,12.24,overcast clouds,0.0,0.0
517,Kupang,ID,2020-05-12 03:55:49,-10.17,123.58,89.6,55,40,21.92,scattered clouds,0.0,0.0
518,Mandal,IN,2020-05-12 03:55:49,25.45,74.57,96.58,17,0,5.73,clear sky,0.0,0.0
519,Izhma,RU,2020-05-12 03:55:49,65.01,53.91,53.1,80,20,10.04,few clouds,0.0,0.0
520,Baykit,RU,2020-05-12 03:55:49,61.67,96.37,55.71,50,0,9.66,clear sky,0.0,0.0
521,Sumenep,ID,2020-05-12 03:55:49,-7.02,113.87,85.77,73,82,12.62,broken clouds,0.0,0.0
522,Liaozhong,CN,2020-05-12 03:55:49,41.51,122.72,64.4,24,75,8.95,broken clouds,0.0,0.0
523,Bilibino,RU,2020-05-12 03:55:50,68.05,166.44,36.25,79,35,5.61,scattered clouds,0.0,0.0
524,Emba,KZ,2020-05-12 03:55:50,48.83,58.14,57.13,67,0,10.09,clear sky,0.0,0.0
525,Kendari,ID,2020-05-12 03:55:50,-3.94,122.5,88.74,60,31,4.43,light rain,0.11,0.0
526,Bar Harbor,US,2020-05-12 03:55:50,44.39,-68.2,45.0,93,90,8.05,moderate rain,2.04,0.0
527,Bonthe,SL,2020-05-12 03:55:50,7.53,-12.51,78.6,84,99,1.86,overcast clouds,0.0,0.0
528,Dobric,RS,2020-05-12 03:55:50,44.7,19.58,54.0,71,18,5.77,few clouds,0.0,0.0
529,Ola,RU,2020-05-12 03:55:50,59.58,151.28,40.26,77,58,4.38,broken clouds,0.0,0.0
530,Koslan,RU,2020-05-12 03:55:50,63.46,48.9,52.48,83,96,10.13,overcast clouds,0.0,0.0
531,Wenling,CN,2020-05-12 03:55:50,28.37,121.36,82.0,59,23,7.72,few clouds,0.0,0.0
532,Kurilsk,RU,2020-05-12 03:55:51,45.23,147.88,46.99,81,62,4.03,broken clouds,0.0,0.0
533,Zhanakorgan,KZ,2020-05-12 03:55:51,43.91,67.25,81.32,32,61,7.76,broken clouds,0.0,0.0
534,Hanchuan,CN,2020-05-12 03:55:51,30.65,113.77,78.8,41,78,6.71,broken clouds,0.0,0.0
535,Warragul,AU,2020-05-12 03:55:51,-38.17,145.93,59.0,62,100,5.01,overcast clouds,0.0,0.0
536,Dandong,CN,2020-05-12 03:55:51,40.13,124.39,61.7,45,56,16.37,broken clouds,0.0,0.0
537,Geilo,NO,2020-05-12 03:55:51,60.53,8.21,23.0,90,10,25.01,clear sky,0.0,0.0
538,Laurel,US,2020-05-12 03:51:50,39.1,-76.85,48.2,61,90,10.29,overcast clouds,0.0,0.0
539,Viedma,AR,2020-05-12 03:55:19,-40.81,-63.0,51.49,46,99,7.18,overcast clouds,0.0,0.0
540,Zhigansk,RU,2020-05-12 03:51:27,66.77,123.37,29.97,95,100,14.36,overcast clouds,0.0,0.0
541,Kuminskiy,RU,2020-05-12 03:55:52,58.67,66.57,71.55,55,74,5.88,broken clouds,0.0,0.0
542,Wangaratta,AU,2020-05-12 03:53:41,-36.37,146.33,57.0,71,87,8.05,overcast clouds,0.0,0.0
543,Dubbo,AU,2020-05-12 03:55:52,-32.25,148.62,64.4,36,58,4.7,broken clouds,0.0,0.0
544,Jiuquan,CN,2020-05-12 03:55:52,39.74,98.52,65.53,20,97,7.2,overcast clouds,0.0,0.0
545,Baculin,PH,2020-05-12 03:55:52,7.45,126.58,84.69,74,98,4.63,overcast clouds,0.0,0.0
546,Awjilah,LY,2020-05-12 03:55:52,29.11,21.29,72.05,20,0,11.25,clear sky,0.0,0.0
547,Port Maria,JM,2020-05-12 03:55:53,18.37,-76.89,75.0,93,75,5.23,broken clouds,0.0,0.0
548,Biak,ID,2020-05-12 03:55:53,-0.91,122.88,86.32,63,13,8.37,few clouds,0.0,0.0
549,Bijie,CN,2020-05-12 03:55:53,27.31,105.29,63.46,67,100,4.68,overcast clouds,0.0,0.0
550,Gannan,CN,2020-05-12 03:55:53,47.91,123.5,57.81,34,14,13.2,few clouds,0.0,0.0
551,Narsaq,GL,2020-05-12 03:55:53,60.92,-46.05,50.0,31,100,29.97,overcast clouds,0.0,0.0
552,Kukes,AL,2020-05-12 03:55:53,42.08,20.42,56.01,71,4,9.4,clear sky,0.0,0.0
553,Venice,US,2020-05-12 03:55:53,27.1,-82.45,73.4,69,1,4.7,clear sky,0.0,0.0
554,Sherbakul,RU,2020-05-12 03:55:54,54.63,72.4,78.8,27,41,2.24,scattered clouds,0.0,0.0
555,Sao Felix Do Xingu,BR,2020-05-12 03:55:54,-6.64,-51.99,70.02,95,10,1.59,clear sky,0.0,0.0
556,Dieppe,FR,2020-05-12 03:55:54,49.75,1.17,39.2,80,2,9.17,clear sky,0.0,0.0
557,Oktyabrskoye,RU,2020-05-12 03:55:54,43.06,44.74,51.8,81,0,4.47,clear sky,0.0,0.0
558,Kavaratti,IN,2020-05-12 03:55:54,10.57,72.64,87.8,70,20,3.36,few clouds,0.0,0.0
559,Capreol,CA,2020-05-12 03:55:55,46.71,-80.92,32.0,84,5,5.82,clear sky,0.0,0.0
560,Boende,CD,2020-05-12 03:55:55,-0.22,20.87,71.96,97,100,0.81,light rain,0.27,0.0
561,Tezu,IN,2020-05-12 03:55:55,27.92,96.17,79.18,53,100,1.86,overcast clouds,0.0,0.0
562,Tazovskiy,RU,2020-05-12 03:55:55,67.47,78.7,32.5,96,100,6.62,overcast clouds,0.0,0.0
563,Pangai,TO,2020-05-12 03:55:55,-19.8,-174.35,80.6,69,20,4.7,few clouds,0.0,0.0
564,Tangshan,CN,2020-05-12 03:55:55,39.63,118.18,74.14,19,0,14.14,clear sky,0.0,0.0
565,Bonavista,CA,2020-05-12 03:55:55,48.65,-53.11,34.36,88,0,15.52,clear sky,0.0,0.0
566,Tailai,CN,2020-05-12 03:55:55,46.38,123.4,60.35,29,0,17.74,clear sky,0.0,0.0
567,Kalmunai,LK,2020-05-12 03:55:56,7.42,81.82,86.25,72,78,4.34,moderate rain,1.08,0.0
568,Pacific Grove,US,2020-05-12 03:51:51,36.62,-121.92,64.4,59,90,9.17,overcast clouds,0.0,0.0
569,Marsh Harbour,BS,2020-05-12 03:55:56,26.54,-77.06,74.8,77,100,16.82,overcast clouds,0.0,0.0
570,Sarangani,PH,2020-05-12 03:55:56,5.4,125.46,85.19,75,16,11.39,light rain,0.13,0.0
571,Paamiut,GL,2020-05-12 03:55:56,61.99,-49.67,42.58,70,100,21.85,overcast clouds,0.0,0.0
572,Nantucket,US,2020-05-12 03:55:56,41.28,-70.1,48.2,87,1,13.87,clear sky,0.0,0.0
573,Krasnoarmeysk,RU,2020-05-12 03:55:56,51.02,45.7,54.0,72,0,3.0,clear sky,0.0,0.0
574,La Esperanza,GT,2020-05-12 03:55:57,14.87,-91.57,55.99,87,56,4.54,light rain,0.22,0.0
575,Bose,IT,2020-05-12 03:55:57,45.46,8.01,53.01,95,97,2.77,overcast clouds,0.0,0.0
576,Tres Arroyos,AR,2020-05-12 03:55:57,-38.37,-60.28,47.52,57,98,7.92,overcast clouds,0.0,0.0
577,Luganville,VU,2020-05-12 03:55:58,-15.53,167.17,84.2,62,40,6.93,scattered clouds,0.0,0.0
578,Davila,PH,2020-05-12 03:55:58,18.47,120.58,89.6,70,20,9.17,few clouds,0.0,0.0
579,Zambezi,ZM,2020-05-12 03:55:58,-13.54,23.1,56.7,86,74,4.38,broken clouds,0.0,0.0
580,Yumen,CN,2020-05-12 03:51:07,40.28,97.2,66.74,17,98,5.7,overcast clouds,0.0,0.0
581,Slave Lake,CA,2020-05-12 03:55:58,55.28,-114.77,46.4,42,20,10.29,few clouds,0.0,0.0
582,Pahrump,US,2020-05-12 03:55:58,36.21,-115.98,75.99,16,0,8.01,clear sky,0.0,0.0
583,Matadi,CD,2020-05-12 03:55:58,-5.82,13.45,76.53,90,95,1.72,overcast clouds,0.0,0.0
584,Puerto Escondido,MX,2020-05-12 03:54:44,15.85,-97.07,83.98,71,25,5.93,light rain,0.12,0.0
585,Cuyo,PH,2020-05-12 03:55:58,10.85,121.01,85.46,72,93,7.23,overcast clouds,0.0,0.0
586,Sibu,MY,2020-05-12 03:54:22,2.3,111.82,84.2,79,75,5.82,broken clouds,0.0,0.0
587,Iquique,CL,2020-05-12 03:55:59,-20.22,-70.14,64.4,72,90,6.93,overcast clouds,0.0,0.0
588,Katherine,AU,2020-05-12 03:55:59,-14.47,132.27,89.6,18,90,13.87,overcast clouds,0.0,0.0
589,Ulladulla,AU,2020-05-12 03:52:12,-35.35,150.47,66.99,34,47,5.82,scattered clouds,0.0,0.0
590,Mbigou,GA,2020-05-12 03:55:59,-1.9,11.91,67.39,98,59,1.28,light rain,0.14,0.0
591,Kishtwar,IN,2020-05-12 03:55:59,33.32,75.77,69.66,29,20,2.68,few clouds,0.0,0.0
592,Eydhafushi,MV,2020-05-12 03:56:00,5.1,73.07,84.56,70,95,5.23,overcast clouds,0.0,0.0
593,Daru,PG,2020-05-12 03:56:00,-9.08,143.21,83.46,75,40,15.59,light rain,0.13,0.0
594,Vagur,FO,2020-05-12 03:56:00,61.47,-6.81,35.73,90,98,16.51,light snow,0.0,0.19
